<?xml version="1.0" encoding="UTF-8"?>
<sml:PhysicalComponent gml:id="MY_SENSOR"
    xmlns:sml="http://www.opengis.net/sensorml/2.0"
    xmlns:swe="http://www.opengis.net/swe/2.0"
    xmlns:gml="http://www.opengis.net/gml/3.2"
    xmlns:gmd="http://www.isotc211.org/2005/gmd"
    xmlns:gco="http://www.isotc211.org/2005/gco"
    xmlns:xsi="http://www.w3.org/2001/XMLSchema-instance"
    xmlns:xlink="http://www.w3.org/1999/xlink"
    xsi:schemaLocation="http://www.opengis.net/sensorml/2.0 http://schemas.opengis.net/sensorml/2.0/sensorML.xsd">
    <!-- ================================================= -->
    <!--                  System Description               -->
    <!-- ================================================= -->
    <gml:description> Temperature sensor on my window </gml:description>
    <gml:identifier codeSpace="uid">myCompany.com.63547</gml:identifier>
    <!-- ================================================= -->
    <!--             Observed Property = Output            -->
    <!-- ================================================= -->
    <sml:outputs>
        <sml:OutputList>
            <sml:output name="temp">
                <swe:Quantity definition="http://sweet.jpl.nasa.gov/2.2/quanTemperature.owl#Temperature">
                    <swe:label>Air Temperature</swe:label>
                    <swe:uom code="Cel"/>
                </swe:Quantity>
            </sml:output>
        </sml:OutputList>
    </sml:outputs>
    <!-- ================================================= -->
    <!--                  Sensor Location                  -->
    <!-- ================================================= -->
    <sml:position>
        <gml:Point gml:id="stationLocation" srsName="http://www.opengis.net/def/crs/EPSG/0/4326">
            <gml:coordinates>47.8 88.56</gml:coordinates>
        </gml:Point>
    </sml:position>
</sml:PhysicalComponent>